"user";"domain";"id";"centra";"department";"title";"status";"completion_fraction";"creation_date";"last_update_date";"template"
"py";"Domain2";1;"cntr3";"dptE";"Enhancing Data Management Practices";"Missing Metadata";0,0466699926182628;2020-09-09;2025-07-24;"v2024"
"ru";"Domain1";2;"cntr2";"dptD";"Enhancing Data Management Practices";"Test";0,823468044633046;2021-07-13;2023-04-08;"v2022"
"gw";"Domain2";3;"cntr4";"dptG";"Data-Driven Insights";"Expired";0,966285669011995;2025-08-14;2025-09-17;"v2021"
"uf";"Domain2";4;"cntr4";"dptH";"Advanced Research Techniques";"Not Updated";0,807395789306611;2022-07-22;2025-01-19;"v2024"
"hm";"Domain1";5;"cntr2";"dptC";"Innovative Project Solutions";"Test";0,296252726344392;2024-03-08;2024-10-06;"v2021"
"en";"Domain3";6;"cntr5";"dptJ";"Innovative Project Solutions";"Not Updated";0,197892070980743;2025-07-11;2025-09-26;"v2022"
"lm";"Domain1";7;"cntr2";"dptC";"Data-Driven Insights";"Test";0,201672925846651;2024-05-10;2024-11-05;"v2021"
"iu";"Domain2";8;"cntr4";"dptG";"Enhancing Data Management Practices";"Missing Metadata";0,349512686487287;2022-04-08;2024-07-31;"v2021"
"jj";"Domain2";9;"cntr4";"dptH";"Enhancing Data Management Practices";"Active";0,224084863439202;2024-04-07;2024-07-28;"v2021"
"an";"Domain1";10;"cntr2";"dptD";"Data-Driven Insights";"Completed";0,164491710020229;2022-02-24;2022-03-25;"v2021"
"oj";"Domain2";11;"cntr3";"dptE";"Enhancing Data Management Practices";"Orphan";0,0927299510221928;2025-06-22;2025-07-26;"v2021"
"zo";"Domain1";12;"cntr2";"dptD";"Enhancing Data Management Practices";"Missing Metadata";0,632899892982095;2023-12-19;2024-07-11;"v2024"
"xd";"Domain1";13;"cntr2";"dptC";"Comprehensive Analysis Framework";"Completed";0,784788343356922;2020-08-10;2024-11-09;"v2024"
"xe";"Domain2";14;"cntr3";"dptF";"Enhancing Data Management Practices";"Orphan";0,0594892981462181;2025-02-18;2025-02-28;"v2022"
"dm";"Domain2";15;"cntr4";"dptH";"Innovative Project Solutions";"Missing Metadata";0,084299654699862;2023-02-14;2024-07-10;"v2024"
"nj";"Domain2";16;"cntr3";"dptE";"Advanced Research Techniques";"Missing Metadata";0,00427772384136915;2022-11-02;2025-02-19;"v2024"
"yy";"Domain2";17;"cntr3";"dptF";"Comprehensive Analysis Framework";"Completed";0,142220714827999;2023-05-07;2023-07-04;"v2024"
"nq";"Domain3";18;"cntr5";"dptI";"Advanced Research Techniques";"Defunct";0,929193703690544;2024-11-25;2025-01-07;"v2022"
"az";"Domain1";19;"cntr1";"dptA";"Enhancing Data Management Practices";"Expired";0,161884823115543;2020-08-03;2024-07-28;"v2024"
"ty";"Domain1";20;"cntr1";"dptB";"Innovative Project Solutions";"Expired";0,988501149928197;2021-03-03;2023-07-12;"v2021"
"qj";"Domain1";21;"cntr2";"dptC";"Comprehensive Analysis Framework";"Test";0,704223259584978;2023-01-29;2024-09-04;"v2021"
"zj";"Domain1";22;"cntr1";"dptA";"Advanced Research Techniques";"Missing Metadata";0,324542554793879;2021-06-09;2021-06-23;"v2022"
"ic";"Domain3";23;"cntr6";"dptL";"Enhancing Data Management Practices";"Defunct";0,328085233457386;2024-10-14;2024-11-17;"v2024"
"wr";"Domain2";24;"cntr4";"dptG";"Innovative Project Solutions";"Completed";0,776702075731009;2023-09-29;2024-10-24;"v2021"
"wu";"Domain1";25;"cntr1";"dptA";"Innovative Project Solutions";"Expired";0,498603128129616;2023-11-29;2025-07-22;"v2024"
"vi";"Domain1";26;"cntr1";"dptB";"Data-Driven Insights";"Missing Metadata";0,497006849851459;2020-06-04;2025-08-15;"v2021"
"oi";"Domain3";27;"cntr6";"dptL";"Data-Driven Insights";"Test";0,266374840168282;2022-09-27;2025-07-17;"v2022"
"fm";"Domain3";28;"cntr6";"dptL";"Advanced Research Techniques";"Defunct";0,92980143497698;2024-12-28;2025-08-23;"v2024"
"ux";"Domain1";29;"cntr1";"dptA";"Data-Driven Insights";"Orphan";0,677545783109963;2021-02-27;2024-08-04;"v2021"
"sv";"Domain1";30;"cntr1";"dptA";"Advanced Research Techniques";"Orphan";0,710259832208976;2024-09-01;2025-06-12;"v2024"
"xw";"Domain2";31;"cntr3";"dptE";"Data-Driven Insights";"Defunct";0,281794074689969;2025-08-24;2025-09-14;"v2021"
"aw";"Domain3";32;"cntr5";"dptI";"Comprehensive Analysis Framework";"Expired";0,580691942945123;2022-12-14;2023-05-13;"v2022"
"lw";"Domain1";33;"cntr1";"dptB";"Innovative Project Solutions";"Orphan";0,954256804427132;2020-11-16;2023-01-23;"v2021"
"fe";"Domain1";34;"cntr2";"dptD";"Comprehensive Analysis Framework";"Not Updated";0,0359985483810306;2022-11-12;2024-03-21;"v2024"
"ip";"Domain3";35;"cntr5";"dptJ";"Comprehensive Analysis Framework";"Completed";0,510235942201689;2022-07-31;2024-10-01;"v2021"
"gj";"Domain1";36;"cntr1";"dptB";"Comprehensive Analysis Framework";"Expired";0,860585955437273;2022-08-21;2025-09-30;"v2024"
"ii";"Domain2";37;"cntr3";"dptF";"Advanced Research Techniques";"Expired";0,277492366963997;2024-11-09;2025-02-06;"v2022"
"ld";"Domain2";38;"cntr3";"dptF";"Advanced Research Techniques";"Missing Metadata";0,362849079770967;2020-10-16;2023-05-09;"v2024"
"wi";"Domain3";39;"cntr6";"dptK";"Data-Driven Insights";"Orphan";0,916517503093928;2025-06-22;2025-06-24;"v2021"
"ct";"Domain1";40;"cntr2";"dptD";"Advanced Research Techniques";"Active";0,0802353743929416;2023-11-03;2025-08-23;"v2021"
"wp";"Domain3";41;"cntr6";"dptL";"Comprehensive Analysis Framework";"Missing Metadata";0,512724637286738;2024-12-03;2025-03-16;"v2024"
"wc";"Domain1";42;"cntr1";"dptB";"Enhancing Data Management Practices";"Not Updated";0,420037846080959;2023-02-09;2024-09-27;"v2021"
"fk";"Domain3";43;"cntr6";"dptK";"Advanced Research Techniques";"Missing Metadata";0,158049466554075;2020-10-01;2023-12-10;"v2021"
"fw";"Domain3";44;"cntr5";"dptJ";"Enhancing Data Management Practices";"Test";0,449557990999892;2021-05-21;2021-10-11;"v2024"
"lh";"Domain1";45;"cntr1";"dptA";"Enhancing Data Management Practices";"Active";0,169620736502111;2025-04-16;2025-07-15;"v2021"
"kq";"Domain3";46;"cntr5";"dptJ";"Enhancing Data Management Practices";"Completed";0,855247208615765;2024-01-18;2025-01-06;"v2021"
"zy";"Domain3";47;"cntr5";"dptI";"Data-Driven Insights";"Not Updated";0,688133171061054;2021-05-28;2024-06-14;"v2024"
"bo";"Domain3";48;"cntr5";"dptJ";"Advanced Research Techniques";"Defunct";0,121525236405432;2020-05-06;2025-06-21;"v2022"
"qo";"Domain3";49;"cntr6";"dptK";"Data-Driven Insights";"Not Updated";0,119116011308506;2021-01-24;2024-05-22;"v2024"
"dl";"Domain3";50;"cntr6";"dptK";"Innovative Project Solutions";"Orphan";0,288543877657503;2025-10-05;2025-10-05;"v2022"
"md";"Domain2";51;"cntr3";"dptE";"Innovative Project Solutions";"Not Updated";0,940235597081482;2021-09-28;2023-04-28;"v2021"
"io";"Domain3";52;"cntr5";"dptI";"Data-Driven Insights";"Not Updated";0,931640369584784;2021-03-21;2024-10-06;"v2022"
"uh";"Domain2";53;"cntr4";"dptH";"Innovative Project Solutions";"Expired";0,182928508846089;2023-04-28;2025-06-17;"v2022"
"el";"Domain3";54;"cntr5";"dptI";"Innovative Project Solutions";"Missing Metadata";0,912873741006479;2021-08-30;2021-10-09;"v2021"
"xh";"Domain2";55;"cntr4";"dptH";"Advanced Research Techniques";"Expired";0,0664578315336257;2022-06-14;2025-04-26;"v2021"
"rn";"Domain1";56;"cntr2";"dptD";"Innovative Project Solutions";"Orphan";0,877628769725561;2025-04-13;2025-08-17;"v2021"
"wz";"Domain1";57;"cntr2";"dptD";"Data-Driven Insights";"Orphan";0,0588105244096369;2020-04-04;2021-09-26;"v2024"
"bm";"Domain3";58;"cntr5";"dptJ";"Advanced Research Techniques";"Defunct";0,951695873402059;2025-01-26;2025-09-24;"v2021"
"gc";"Domain1";59;"cntr1";"dptA";"Innovative Project Solutions";"Test";0,160069407895207;2023-02-06;2025-03-12;"v2024"
"ia";"Domain2";60;"cntr4";"dptG";"Enhancing Data Management Practices";"Missing Metadata";0,580835356609896;2023-07-04;2023-10-04;"v2021"
"zp";"Domain1";61;"cntr1";"dptA";"Enhancing Data Management Practices";"Orphan";0,711416690144688;2023-11-06;2024-04-09;"v2022"
"bh";"Domain2";62;"cntr4";"dptH";"Comprehensive Analysis Framework";"Test";0,280322518199682;2021-04-09;2024-06-13;"v2021"
"tv";"Domain2";63;"cntr3";"dptE";"Innovative Project Solutions";"Expired";0,0266316782217473;2020-11-07;2023-11-28;"v2024"
"am";"Domain1";64;"cntr2";"dptC";"Innovative Project Solutions";"Active";0,71062245243229;2021-11-20;2024-06-24;"v2024"
"cq";"Domain1";65;"cntr1";"dptB";"Enhancing Data Management Practices";"Missing Metadata";0,312746818875894;2024-04-21;2024-07-27;"v2022"
"ps";"Domain2";66;"cntr3";"dptE";"Advanced Research Techniques";"Defunct";0,855137056205422;2025-09-23;2025-09-26;"v2022"
"lv";"Domain3";67;"cntr6";"dptK";"Data-Driven Insights";"Missing Metadata";0,471819306723773;2024-09-28;2025-03-15;"v2022"
"kr";"Domain1";68;"cntr2";"dptD";"Innovative Project Solutions";"Missing Metadata";0,992102828575298;2022-07-13;2025-06-17;"v2022"
"dk";"Domain2";69;"cntr4";"dptG";"Innovative Project Solutions";"Expired";0,0778639460913837;2021-10-19;2025-02-01;"v2024"
"uq";"Domain1";70;"cntr2";"dptD";"Comprehensive Analysis Framework";"Missing Metadata";0,0247081376146525;2023-09-02;2025-08-16;"v2024"
"le";"Domain2";71;"cntr4";"dptG";"Innovative Project Solutions";"Orphan";0,575168506242335;2021-11-30;2023-08-25;"v2024"
"qh";"Domain3";72;"cntr5";"dptJ";"Advanced Research Techniques";"Test";0,607663982082158;2023-08-07;2024-12-05;"v2021"
"kz";"Domain2";73;"cntr4";"dptG";"Comprehensive Analysis Framework";"Expired";0,00436520925723016;2023-04-15;2025-04-14;"v2022"
"eq";"Domain2";74;"cntr3";"dptF";"Advanced Research Techniques";"Defunct";0,743699993938208;2024-09-04;2024-10-03;"v2022"
"ef";"Domain3";75;"cntr6";"dptL";"Advanced Research Techniques";"Expired";0,0467767203226686;2024-06-07;2025-04-26;"v2024"
"gb";"Domain1";76;"cntr1";"dptA";"Innovative Project Solutions";"Completed";0,478229105239734;2024-09-22;2024-10-01;"v2024"
"cl";"Domain2";77;"cntr4";"dptH";"Advanced Research Techniques";"Completed";0,938555045751855;2024-06-20;2024-09-14;"v2022"
"so";"Domain3";78;"cntr5";"dptI";"Advanced Research Techniques";"Expired";0,0596376904286444;2022-02-23;2025-01-13;"v2024"
"si";"Domain3";79;"cntr5";"dptI";"Enhancing Data Management Practices";"Orphan";0,953640901716426;2023-07-07;2025-05-26;"v2022"
"sl";"Domain1";80;"cntr2";"dptC";"Enhancing Data Management Practices";"Test";0,770805104402825;2021-12-30;2025-07-07;"v2022"
"co";"Domain3";81;"cntr6";"dptL";"Comprehensive Analysis Framework";"Expired";0,851549400249496;2024-08-30;2024-12-13;"v2024"
"dg";"Domain1";82;"cntr1";"dptB";"Advanced Research Techniques";"Test";0,217964601237327;2025-02-16;2025-09-12;"v2022"
"gi";"Domain1";83;"cntr2";"dptC";"Innovative Project Solutions";"Not Updated";0,994472747668624;2021-05-03;2022-09-02;"v2021"
"by";"Domain3";84;"cntr5";"dptJ";"Data-Driven Insights";"Defunct";0,693523060297593;2020-11-03;2024-10-04;"v2021"
"cv";"Domain1";85;"cntr1";"dptB";"Comprehensive Analysis Framework";"Active";0,287133126053959;2025-02-17;2025-06-24;"v2021"
"gv";"Domain1";86;"cntr1";"dptA";"Enhancing Data Management Practices";"Defunct";0,817942433292046;2023-12-18;2025-02-12;"v2021"
"nx";"Domain3";87;"cntr5";"dptJ";"Comprehensive Analysis Framework";"Orphan";0,95942445914261;2022-12-25;2024-12-11;"v2024"
"jb";"Domain1";88;"cntr2";"dptC";"Advanced Research Techniques";"Expired";0,900421502767131;2022-04-10;2024-03-24;"v2024"
"mr";"Domain1";89;"cntr1";"dptA";"Comprehensive Analysis Framework";"Active";0,126839369302616;2023-10-11;2025-01-19;"v2022"
"ew";"Domain1";90;"cntr2";"dptC";"Innovative Project Solutions";"Missing Metadata";0,0596327660605311;2025-01-14;2025-09-24;"v2021"
"id";"Domain2";91;"cntr4";"dptG";"Enhancing Data Management Practices";"Test";0,818412929074839;2024-09-27;2025-07-26;"v2024"
"lx";"Domain2";92;"cntr4";"dptH";"Comprehensive Analysis Framework";"Completed";0,860316375503317;2025-08-06;2025-08-15;"v2024"
"ji";"Domain2";93;"cntr4";"dptH";"Data-Driven Insights";"Missing Metadata";0,0451996305491775;2024-08-29;2025-09-02;"v2024"
"ei";"Domain2";94;"cntr4";"dptG";"Innovative Project Solutions";"Orphan";0,224530511768535;2022-06-18;2025-01-01;"v2024"
"xv";"Domain3";95;"cntr6";"dptK";"Advanced Research Techniques";"Not Updated";0,704817934893072;2023-06-05;2024-11-20;"v2024"
"fu";"Domain3";96;"cntr5";"dptI";"Advanced Research Techniques";"Completed";0,098695662105456;2023-01-14;2024-03-03;"v2022"
"gd";"Domain2";97;"cntr4";"dptH";"Data-Driven Insights";"Completed";0,0158910749014467;2023-04-11;2025-01-31;"v2021"
"pa";"Domain1";98;"cntr2";"dptC";"Innovative Project Solutions";"Test";0,905630844179541;2021-05-20;2023-10-20;"v2021"
"fy";"Domain3";99;"cntr6";"dptK";"Data-Driven Insights";"Completed";0,0490334695205092;2022-09-22;2024-09-17;"v2024"
"zf";"Domain1";100;"cntr1";"dptA";"Enhancing Data Management Practices";"Defunct";0,874156204983592;2023-05-03;2025-03-01;"v2022"
"ae";"Domain3";101;"cntr5";"dptJ";"Advanced Research Techniques";"Orphan";0,120570289902389;2020-12-06;2025-07-26;"v2022"
"mn";"Domain3";102;"cntr6";"dptL";"Enhancing Data Management Practices";"Orphan";0,404164124047384;2025-01-17;2025-03-14;"v2022"
"kt";"Domain3";103;"cntr5";"dptI";"Advanced Research Techniques";"Test";0,229922983096913;2020-08-02;2022-08-14;"v2022"
"vu";"Domain1";104;"cntr1";"dptB";"Innovative Project Solutions";"Expired";0,776235409313813;2021-08-03;2025-06-14;"v2022"
"jd";"Domain2";105;"cntr3";"dptE";"Enhancing Data Management Practices";"Defunct";0,576325166039169;2021-07-26;2024-01-09;"v2022"
"na";"Domain3";106;"cntr6";"dptL";"Data-Driven Insights";"Orphan";0,194804755505174;2022-12-20;2024-09-15;"v2022"
"xu";"Domain3";107;"cntr6";"dptL";"Advanced Research Techniques";"Expired";0,424757360480726;2021-06-16;2025-05-09;"v2022"
"fg";"Domain1";108;"cntr2";"dptD";"Innovative Project Solutions";"Missing Metadata";0,439975396031514;2020-09-12;2025-09-22;"v2022"
"rm";"Domain1";109;"cntr1";"dptB";"Advanced Research Techniques";"Orphan";0,908846454694867;2021-03-28;2024-09-22;"v2024"
"vn";"Domain1";110;"cntr1";"dptA";"Data-Driven Insights";"Orphan";0,46266450220719;2022-03-07;2023-03-10;"v2022"
"de";"Domain3";111;"cntr5";"dptI";"Enhancing Data Management Practices";"Missing Metadata";0,931597844231874;2023-10-22;2025-04-24;"v2024"
"vx";"Domain3";112;"cntr6";"dptK";"Comprehensive Analysis Framework";"Active";0,38945489260368;2021-12-05;2022-10-10;"v2024"
"hn";"Domain1";113;"cntr1";"dptB";"Innovative Project Solutions";"Missing Metadata";0,80526344710961;2025-04-29;2025-06-03;"v2021"
"xf";"Domain1";114;"cntr2";"dptC";"Comprehensive Analysis Framework";"Not Updated";0,768555719871074;2024-01-10;2024-02-27;"v2022"
"tf";"Domain2";115;"cntr4";"dptH";"Comprehensive Analysis Framework";"Missing Metadata";0,340907289879397;2020-10-29;2022-02-12;"v2021"
"nf";"Domain3";116;"cntr6";"dptK";"Enhancing Data Management Practices";"Completed";0,93789343861863;2022-04-16;2024-03-19;"v2024"
"wm";"Domain3";117;"cntr5";"dptJ";"Advanced Research Techniques";"Expired";0,503831279929727;2022-12-06;2025-03-24;"v2022"
"rq";"Domain2";118;"cntr3";"dptF";"Comprehensive Analysis Framework";"Test";0,324277308071032;2025-04-06;2025-06-11;"v2021"
"at";"Domain1";119;"cntr1";"dptA";"Data-Driven Insights";"Defunct";0,442645444534719;2023-05-16;2023-12-10;"v2021"
"zv";"Domain3";120;"cntr5";"dptJ";"Innovative Project Solutions";"Defunct";0,486973477527499;2023-09-18;2024-09-26;"v2024"
"gh";"Domain1";121;"cntr2";"dptC";"Advanced Research Techniques";"Expired";0,841602640692145;2023-10-18;2024-12-04;"v2021"
"bz";"Domain1";122;"cntr2";"dptD";"Advanced Research Techniques";"Missing Metadata";0,94915941148065;2023-07-29;2024-05-24;"v2022"
"un";"Domain3";123;"cntr6";"dptK";"Advanced Research Techniques";"Missing Metadata";0,470369812333956;2020-12-14;2024-08-28;"v2022"
"gu";"Domain2";124;"cntr3";"dptF";"Comprehensive Analysis Framework";"Missing Metadata";0,371061983751133;2025-08-16;2025-09-21;"v2024"
"df";"Domain3";125;"cntr6";"dptK";"Advanced Research Techniques";"Completed";0,225908515276387;2021-09-10;2023-08-09;"v2021"
"uc";"Domain3";126;"cntr6";"dptK";"Comprehensive Analysis Framework";"Completed";0,0046066262293607;2022-05-28;2025-03-20;"v2022"
"pb";"Domain3";127;"cntr6";"dptK";"Comprehensive Analysis Framework";"Expired";0,709437357727438;2020-11-24;2024-08-22;"v2022"
"lp";"Domain2";128;"cntr4";"dptH";"Innovative Project Solutions";"Completed";0,696368342731148;2023-03-25;2025-01-12;"v2021"
"qn";"Domain1";129;"cntr2";"dptD";"Data-Driven Insights";"Completed";0,0146949514746666;2024-02-24;2024-04-09;"v2021"
"ql";"Domain3";130;"cntr5";"dptI";"Innovative Project Solutions";"Orphan";0,187682691961527;2021-04-05;2021-07-13;"v2021"
"jp";"Domain3";131;"cntr5";"dptJ";"Comprehensive Analysis Framework";"Test";0,536854033591226;2022-05-17;2025-06-10;"v2021"
"qm";"Domain2";132;"cntr4";"dptG";"Data-Driven Insights";"Active";0,159009179566056;2025-08-10;2025-09-24;"v2022"
"ph";"Domain2";133;"cntr4";"dptH";"Data-Driven Insights";"Defunct";0,246009987778962;2025-08-04;2025-08-17;"v2021"
"xz";"Domain2";134;"cntr4";"dptH";"Advanced Research Techniques";"Not Updated";0,922314992407337;2025-02-01;2025-09-03;"v2022"
"oq";"Domain3";135;"cntr6";"dptL";"Advanced Research Techniques";"Not Updated";0,363104607677087;2023-09-08;2025-06-14;"v2024"
"bn";"Domain3";136;"cntr5";"dptJ";"Innovative Project Solutions";"Orphan";0,992817378835753;2021-11-22;2024-06-27;"v2022"
"ub";"Domain2";137;"cntr3";"dptE";"Enhancing Data Management Practices";"Active";0,725724642863497;2023-08-09;2024-03-10;"v2024"
"se";"Domain1";138;"cntr1";"dptA";"Comprehensive Analysis Framework";"Orphan";0,149220468243584;2023-01-05;2025-08-07;"v2022"
"hr";"Domain1";139;"cntr1";"dptA";"Advanced Research Techniques";"Not Updated";0,591902024811134;2023-04-19;2025-03-21;"v2022"
"eu";"Domain1";140;"cntr1";"dptA";"Advanced Research Techniques";"Active";0,848735488951206;2024-03-26;2024-04-30;"v2021"
"ke";"Domain2";141;"cntr4";"dptH";"Comprehensive Analysis Framework";"Active";0,73399445717223;2024-06-12;2024-11-18;"v2022"
"hd";"Domain1";142;"cntr2";"dptD";"Comprehensive Analysis Framework";"Not Updated";0,46249585878104;2025-03-29;2025-06-17;"v2022"
"jr";"Domain2";143;"cntr3";"dptF";"Enhancing Data Management Practices";"Expired";0,511086887912825;2023-02-07;2025-02-26;"v2022"
"rp";"Domain2";144;"cntr4";"dptH";"Enhancing Data Management Practices";"Missing Metadata";0,556383954826742;2024-05-21;2025-09-07;"v2021"
"fv";"Domain3";145;"cntr6";"dptL";"Comprehensive Analysis Framework";"Expired";0,200795648619533;2022-09-13;2023-04-13;"v2022"
"cb";"Domain3";146;"cntr5";"dptI";"Data-Driven Insights";"Expired";0,889190941583365;2025-01-03;2025-10-08;"v2022"
"ja";"Domain3";147;"cntr6";"dptL";"Innovative Project Solutions";"Completed";0,154383993940428;2020-06-18;2024-07-14;"v2022"
"lc";"Domain3";148;"cntr6";"dptL";"Enhancing Data Management Practices";"Missing Metadata";0,584599561057985;2022-09-20;2023-09-18;"v2024"
"hc";"Domain2";149;"cntr3";"dptE";"Innovative Project Solutions";"Active";0,480936974985525;2024-01-02;2024-03-02;"v2021"
"pw";"Domain2";150;"cntr4";"dptG";"Innovative Project Solutions";"Test";0,197283214656636;2024-02-10;2025-03-07;"v2024"
"ut";"Domain2";151;"cntr3";"dptE";"Advanced Research Techniques";"Test";0,978424471337348;2025-09-01;2025-09-02;"v2021"
"yt";"Domain3";152;"cntr6";"dptL";"Comprehensive Analysis Framework";"Test";0,319031463703141;2023-12-23;2025-04-30;"v2021"
"uk";"Domain3";153;"cntr5";"dptI";"Comprehensive Analysis Framework";"Completed";0,0447886961046606;2022-06-28;2023-11-05;"v2021"
"hw";"Domain3";154;"cntr5";"dptJ";"Data-Driven Insights";"Defunct";0,753686090698466;2024-10-17;2025-06-25;"v2024"
"wg";"Domain1";155;"cntr2";"dptC";"Comprehensive Analysis Framework";"Missing Metadata";0,566858948906884;2024-11-07;2025-08-24;"v2021"
"xm";"Domain3";156;"cntr6";"dptL";"Innovative Project Solutions";"Test";0,00974699202924967;2021-09-19;2024-03-04;"v2024"
"nh";"Domain1";157;"cntr2";"dptC";"Enhancing Data Management Practices";"Expired";0,300754070747644;2020-04-18;2021-04-15;"v2022"
"wh";"Domain3";158;"cntr5";"dptI";"Advanced Research Techniques";"Defunct";0,863295207964256;2022-12-19;2023-05-28;"v2024"
"rz";"Domain2";159;"cntr3";"dptE";"Enhancing Data Management Practices";"Active";0,232148367678747;2021-04-06;2022-05-04;"v2024"
"to";"Domain1";160;"cntr1";"dptA";"Innovative Project Solutions";"Not Updated";0,058539804071188;2024-10-19;2025-05-17;"v2024"
"ce";"Domain1";161;"cntr1";"dptA";"Innovative Project Solutions";"Expired";0,711049911566079;2024-05-11;2024-07-07;"v2021"
"ro";"Domain1";162;"cntr2";"dptD";"Data-Driven Insights";"Expired";0,5087485301774;2022-01-04;2024-09-16;"v2024"
"ns";"Domain3";163;"cntr6";"dptL";"Data-Driven Insights";"Completed";0,404947039438412;2025-07-13;2025-09-13;"v2021"
"ks";"Domain1";164;"cntr2";"dptD";"Enhancing Data Management Practices";"Not Updated";0,424513918114826;2020-12-31;2021-05-11;"v2024"
"kj";"Domain2";165;"cntr4";"dptG";"Data-Driven Insights";"Orphan";0,913965784478933;2025-08-10;2025-09-01;"v2022"
"ob";"Domain1";166;"cntr2";"dptC";"Data-Driven Insights";"Defunct";0,902006491553038;2024-06-14;2025-02-26;"v2024"
"fd";"Domain3";167;"cntr5";"dptJ";"Enhancing Data Management Practices";"Not Updated";0,218065282329917;2023-06-17;2025-09-03;"v2022"
"ni";"Domain3";168;"cntr6";"dptK";"Advanced Research Techniques";"Test";0,574894546996802;2020-09-11;2023-03-27;"v2021"
"ey";"Domain3";169;"cntr5";"dptJ";"Innovative Project Solutions";"Not Updated";0,0406531363260001;2023-08-07;2023-11-10;"v2021"
"ij";"Domain2";170;"cntr3";"dptE";"Advanced Research Techniques";"Missing Metadata";0,540597511455417;2024-10-08;2025-06-21;"v2024"
"eb";"Domain3";171;"cntr6";"dptK";"Advanced Research Techniques";"Not Updated";0,112828462384641;2023-01-03;2023-08-14;"v2024"
"oe";"Domain2";172;"cntr3";"dptE";"Comprehensive Analysis Framework";"Test";0,757453867699951;2024-08-24;2024-10-23;"v2021"
"uo";"Domain1";173;"cntr1";"dptB";"Enhancing Data Management Practices";"Defunct";0,111144179478288;2020-05-03;2020-11-11;"v2021"
"my";"Domain3";174;"cntr5";"dptI";"Comprehensive Analysis Framework";"Expired";0,204114401014522;2025-02-09;2025-05-23;"v2022"
"ky";"Domain2";175;"cntr4";"dptH";"Comprehensive Analysis Framework";"Defunct";0,767703813267872;2023-06-30;2025-02-13;"v2024"
"zh";"Domain2";176;"cntr4";"dptG";"Innovative Project Solutions";"Not Updated";0,422344665275887;2020-12-25;2021-02-02;"v2024"
"ba";"Domain1";177;"cntr1";"dptB";"Enhancing Data Management Practices";"Missing Metadata";0,54695398081094;2020-07-08;2020-10-07;"v2021"
"sa";"Domain2";178;"cntr3";"dptE";"Data-Driven Insights";"Orphan";0,880518837366253;2023-05-11;2024-06-27;"v2022"
"ag";"Domain1";179;"cntr1";"dptB";"Comprehensive Analysis Framework";"Orphan";0,727629451546818;2024-10-01;2025-05-03;"v2022"
"rb";"Domain2";180;"cntr3";"dptE";"Innovative Project Solutions";"Defunct";0,75284618884325;2020-05-02;2021-10-28;"v2021"
"jk";"Domain3";181;"cntr5";"dptI";"Comprehensive Analysis Framework";"Completed";0,600738950073719;2023-10-14;2024-09-04;"v2022"
"fx";"Domain3";182;"cntr6";"dptL";"Comprehensive Analysis Framework";"Defunct";0,101066739298403;2022-12-23;2025-01-20;"v2021"
"ye";"Domain2";183;"cntr3";"dptF";"Enhancing Data Management Practices";"Expired";0,826222706120461;2022-05-12;2024-05-22;"v2021"
"wn";"Domain2";184;"cntr3";"dptE";"Innovative Project Solutions";"Orphan";0,738248956389725;2022-03-30;2023-01-02;"v2024"
"oz";"Domain1";185;"cntr2";"dptC";"Comprehensive Analysis Framework";"Defunct";0,882975653978065;2020-11-26;2024-08-22;"v2021"
"in";"Domain2";186;"cntr4";"dptG";"Advanced Research Techniques";"Defunct";0,0841650082729757;2025-10-02;2025-10-07;"v2021"
"xt";"Domain3";187;"cntr6";"dptL";"Data-Driven Insights";"Orphan";0,829472503392026;2023-11-22;2025-02-04;"v2024"
"nk";"Domain2";188;"cntr4";"dptG";"Comprehensive Analysis Framework";"Active";0,274816288612783;2023-12-17;2024-08-25;"v2022"
"fo";"Domain3";189;"cntr6";"dptL";"Advanced Research Techniques";"Expired";0,334215859882534;2023-09-30;2025-05-07;"v2024"
"rf";"Domain1";190;"cntr1";"dptB";"Enhancing Data Management Practices";"Not Updated";0,887037044391036;2021-04-03;2021-10-22;"v2021"
"qe";"Domain2";191;"cntr4";"dptG";"Advanced Research Techniques";"Not Updated";0,191326073836535;2025-07-04;2025-08-16;"v2022"
"xp";"Domain3";192;"cntr6";"dptL";"Innovative Project Solutions";"Test";0,0121913377661258;2021-04-07;2025-06-16;"v2021"
"fr";"Domain1";193;"cntr1";"dptB";"Data-Driven Insights";"Missing Metadata";0,705344221321866;2023-12-30;2025-08-01;"v2021"
"gg";"Domain2";194;"cntr4";"dptH";"Data-Driven Insights";"Active";0,0376187188085169;2025-05-17;2025-10-07;"v2024"
"us";"Domain3";195;"cntr5";"dptI";"Comprehensive Analysis Framework";"Completed";0,822525524534285;2023-02-04;2025-09-03;"v2024"
"vz";"Domain2";196;"cntr4";"dptH";"Enhancing Data Management Practices";"Expired";0,903434539213777;2023-09-06;2024-01-08;"v2021"
"ge";"Domain1";197;"cntr1";"dptB";"Data-Driven Insights";"Test";0,166457612067461;2021-07-29;2024-05-26;"v2021"
"cn";"Domain3";198;"cntr6";"dptL";"Data-Driven Insights";"Completed";0,207595467101783;2025-02-27;2025-03-26;"v2024"
"ad";"Domain3";199;"cntr5";"dptJ";"Enhancing Data Management Practices";"Orphan";0,795880174264312;2025-05-07;2025-06-25;"v2021"
"yl";"Domain3";200;"cntr6";"dptL";"Data-Driven Insights";"Test";0,893196298275143;2023-12-05;2024-01-15;"v2024"
"iq";"Domain1";201;"cntr1";"dptB";"Advanced Research Techniques";"Defunct";0,243682951433584;2021-09-25;2024-03-25;"v2022"
"oy";"Domain3";202;"cntr6";"dptK";"Advanced Research Techniques";"Defunct";0,433193228440359;2023-03-19;2023-10-22;"v2024"
"em";"Domain2";203;"cntr4";"dptH";"Comprehensive Analysis Framework";"Missing Metadata";0,398153306450695;2022-02-15;2024-01-05;"v2021"
"ay";"Domain2";204;"cntr3";"dptE";"Comprehensive Analysis Framework";"Completed";0,665592774981633;2022-11-11;2024-09-18;"v2022"
"ff";"Domain2";205;"cntr4";"dptG";"Enhancing Data Management Practices";"Test";0,305196897126734;2022-05-01;2024-08-20;"v2022"
"cc";"Domain3";206;"cntr6";"dptK";"Data-Driven Insights";"Defunct";0,791970914928243;2024-02-22;2025-01-17;"v2024"
"yp";"Domain1";207;"cntr1";"dptB";"Enhancing Data Management Practices";"Orphan";0,341226793127134;2023-06-12;2024-11-24;"v2022"
"ww";"Domain1";208;"cntr1";"dptA";"Advanced Research Techniques";"Missing Metadata";0,257454871665686;2020-11-08;2024-07-27;"v2021"
"bs";"Domain2";209;"cntr4";"dptG";"Data-Driven Insights";"Completed";0,0039615232963115;2021-01-20;2024-12-19;"v2022"
"fp";"Domain2";210;"cntr3";"dptE";"Innovative Project Solutions";"Missing Metadata";0,380338864866644;2021-12-27;2024-10-02;"v2021"
"gn";"Domain3";211;"cntr5";"dptI";"Enhancing Data Management Practices";"Expired";0,599426568718627;2021-12-03;2023-11-12;"v2024"
"zz";"Domain2";212;"cntr4";"dptG";"Innovative Project Solutions";"Orphan";0,339035388082266;2023-11-03;2024-12-14;"v2024"
"tp";"Domain2";213;"cntr4";"dptH";"Comprehensive Analysis Framework";"Defunct";0,175784240942448;2024-12-27;2025-05-29;"v2022"
"hq";"Domain1";214;"cntr1";"dptA";"Advanced Research Techniques";"Orphan";0,997569354483858;2021-11-07;2025-09-16;"v2024"
"rc";"Domain3";215;"cntr6";"dptL";"Enhancing Data Management Practices";"Completed";0,265399608761072;2023-01-29;2023-10-31;"v2024"
"nw";"Domain1";216;"cntr2";"dptC";"Data-Driven Insights";"Not Updated";0,55019224784337;2025-05-01;2025-09-18;"v2022"
"gt";"Domain3";217;"cntr6";"dptK";"Comprehensive Analysis Framework";"Active";0,135244666365907;2021-08-18;2023-08-03;"v2021"
"pk";"Domain3";218;"cntr5";"dptJ";"Data-Driven Insights";"Test";0,681822216138244;2025-08-18;2025-10-03;"v2024"
"tb";"Domain3";219;"cntr5";"dptJ";"Data-Driven Insights";"Test";0,450351065490395;2022-04-03;2022-07-09;"v2024"
"uy";"Domain3";220;"cntr5";"dptI";"Innovative Project Solutions";"Missing Metadata";0,366644565947354;2024-09-22;2024-11-21;"v2021"
"re";"Domain2";221;"cntr4";"dptG";"Enhancing Data Management Practices";"Not Updated";0,386131340404972;2021-01-21;2022-12-21;"v2021"
"ue";"Domain2";222;"cntr4";"dptG";"Advanced Research Techniques";"Missing Metadata";0,404471194371581;2021-02-25;2021-09-26;"v2022"
"dz";"Domain1";223;"cntr1";"dptB";"Advanced Research Techniques";"Completed";0,827564720995724;2025-03-03;2025-03-08;"v2021"
"vv";"Domain1";224;"cntr2";"dptC";"Comprehensive Analysis Framework";"Missing Metadata";0,916014791233465;2025-04-15;2025-07-03;"v2022"
"mg";"Domain3";225;"cntr6";"dptL";"Advanced Research Techniques";"Expired";0,761202927213162;2023-06-08;2024-09-22;"v2022"
"yf";"Domain2";226;"cntr4";"dptG";"Comprehensive Analysis Framework";"Missing Metadata";0,367348681902513;2021-02-05;2022-05-24;"v2021"
"ib";"Domain1";227;"cntr1";"dptB";"Innovative Project Solutions";"Orphan";0,691388094099239;2024-07-13;2025-06-12;"v2021"
"su";"Domain2";228;"cntr3";"dptF";"Enhancing Data Management Practices";"Completed";0,508032679790631;2022-05-09;2022-06-28;"v2021"
"vm";"Domain2";229;"cntr3";"dptF";"Innovative Project Solutions";"Orphan";0,0194259374402463;2023-08-02;2025-04-02;"v2021"
"sh";"Domain2";230;"cntr3";"dptE";"Comprehensive Analysis Framework";"Not Updated";0,646899139974266;2022-11-22;2024-04-16;"v2021"
"jx";"Domain1";231;"cntr2";"dptD";"Data-Driven Insights";"Completed";0,623007664456964;2022-04-30;2022-10-27;"v2021"
"vg";"Domain3";232;"cntr6";"dptK";"Innovative Project Solutions";"Defunct";0,332971109310165;2022-04-02;2022-11-18;"v2024"
"ov";"Domain3";233;"cntr5";"dptJ";"Data-Driven Insights";"Missing Metadata";0,0262868364807218;2023-01-21;2024-11-08;"v2024"
"yj";"Domain2";234;"cntr3";"dptF";"Advanced Research Techniques";"Expired";0,974947359180078;2024-12-31;2025-06-08;"v2024"
"ax";"Domain2";235;"cntr4";"dptH";"Data-Driven Insights";"Defunct";0,991274856962264;2022-04-05;2023-08-10;"v2022"
"qq";"Domain2";236;"cntr3";"dptF";"Advanced Research Techniques";"Not Updated";0,0765798087231815;2025-10-09;2025-10-09;"v2021"
"ez";"Domain1";237;"cntr2";"dptC";"Enhancing Data Management Practices";"Orphan";0,53794487263076;2023-01-01;2024-08-12;"v2022"
"wv";"Domain3";238;"cntr6";"dptK";"Advanced Research Techniques";"Completed";0,977852743119001;2024-12-11;2025-04-06;"v2021"
"hi";"Domain1";239;"cntr1";"dptB";"Comprehensive Analysis Framework";"Test";0,109674719395116;2025-04-15;2025-09-27;"v2024"
"cx";"Domain2";240;"cntr4";"dptG";"Comprehensive Analysis Framework";"Orphan";0,36257217801176;2025-04-30;2025-08-14;"v2022"
"om";"Domain3";241;"cntr5";"dptI";"Innovative Project Solutions";"Defunct";0,49981935787946;2024-05-19;2025-09-21;"v2024"
"ki";"Domain1";242;"cntr2";"dptC";"Comprehensive Analysis Framework";"Active";0,912628401536494;2022-02-05;2024-02-21;"v2024"
"rx";"Domain1";243;"cntr2";"dptC";"Enhancing Data Management Practices";"Defunct";0,572060834616423;2023-09-24;2025-08-24;"v2022"
"hp";"Domain2";244;"cntr4";"dptG";"Data-Driven Insights";"Completed";0,0227945747319609;2021-11-04;2023-09-03;"v2022"
"zc";"Domain3";245;"cntr5";"dptJ";"Enhancing Data Management Practices";"Completed";0,855229625944048;2020-06-29;2022-10-15;"v2021"
"iz";"Domain1";246;"cntr2";"dptC";"Advanced Research Techniques";"Not Updated";0,830484241712838;2023-07-29;2025-09-26;"v2024"
"qf";"Domain2";247;"cntr3";"dptF";"Innovative Project Solutions";"Active";0,878151063108817;2024-12-20;2025-09-08;"v2024"
"od";"Domain1";248;"cntr2";"dptC";"Advanced Research Techniques";"Completed";0,809602189343423;2021-08-19;2023-10-14;"v2022"
"xb";"Domain1";249;"cntr1";"dptB";"Innovative Project Solutions";"Defunct";6,53367023915052e-05;2024-12-09;2025-10-02;"v2022"
"db";"Domain3";250;"cntr5";"dptI";"Enhancing Data Management Practices";"Orphan";0,10182573297061;2022-09-02;2024-07-20;"v2021"
"bj";"Domain3";251;"cntr6";"dptK";"Advanced Research Techniques";"Orphan";0,834825876867399;2020-11-28;2025-07-18;"v2022"
"xx";"Domain3";252;"cntr5";"dptI";"Comprehensive Analysis Framework";"Test";0,221147396136075;2023-08-19;2024-01-15;"v2024"
"js";"Domain3";253;"cntr5";"dptI";"Comprehensive Analysis Framework";"Missing Metadata";0,0304163766559213;2020-12-28;2025-09-17;"v2022"
"ne";"Domain3";254;"cntr5";"dptJ";"Advanced Research Techniques";"Completed";0,576726021710783;2021-05-13;2022-10-07;"v2021"
"mk";"Domain2";255;"cntr4";"dptH";"Comprehensive Analysis Framework";"Completed";0,756879760418087;2025-07-04;2025-10-03;"v2021"
"bv";"Domain3";256;"cntr5";"dptJ";"Enhancing Data Management Practices";"Orphan";0,873654059367254;2021-04-25;2021-04-25;"v2024"
"eg";"Domain2";257;"cntr3";"dptE";"Enhancing Data Management Practices";"Defunct";0,0603659139014781;2023-08-07;2024-06-09;"v2024"
"ts";"Domain3";258;"cntr5";"dptI";"Enhancing Data Management Practices";"Active";0,221838358789682;2022-03-08;2022-10-22;"v2024"
"pc";"Domain2";259;"cntr4";"dptH";"Enhancing Data Management Practices";"Orphan";0,414025172125548;2025-05-06;2025-07-25;"v2021"
"me";"Domain3";260;"cntr5";"dptI";"Comprehensive Analysis Framework";"Active";0,411329629831016;2020-08-01;2023-05-22;"v2024"
"li";"Domain2";261;"cntr4";"dptG";"Comprehensive Analysis Framework";"Orphan";0,579390329774469;2024-11-05;2025-06-03;"v2024"
"sw";"Domain2";262;"cntr3";"dptE";"Comprehensive Analysis Framework";"Orphan";0,941948951454833;2020-05-04;2021-12-02;"v2021"
"la";"Domain3";263;"cntr5";"dptI";"Data-Driven Insights";"Test";0,987598597304896;2023-10-16;2025-08-17;"v2021"
"rw";"Domain2";264;"cntr3";"dptF";"Data-Driven Insights";"Missing Metadata";0,12979784887284;2023-03-19;2024-10-15;"v2021"
"cu";"Domain1";265;"cntr1";"dptA";"Data-Driven Insights";"Missing Metadata";0,274874981492758;2024-12-29;2025-09-19;"v2021"
"lf";"Domain3";266;"cntr5";"dptI";"Comprehensive Analysis Framework";"Expired";0,828382821753621;2025-03-20;2025-07-24;"v2022"
"ir";"Domain1";267;"cntr1";"dptA";"Enhancing Data Management Practices";"Missing Metadata";0,991258719004691;2022-12-07;2024-05-03;"v2021"
"xk";"Domain3";268;"cntr5";"dptI";"Innovative Project Solutions";"Active";0,673200558172539;2020-08-07;2022-02-26;"v2021"
"on";"Domain2";269;"cntr4";"dptH";"Advanced Research Techniques";"Missing Metadata";0,0773890644777566;2022-03-27;2024-02-26;"v2024"
"gp";"Domain1";270;"cntr2";"dptC";"Advanced Research Techniques";"Active";0,134403405478224;2024-08-21;2025-08-20;"v2022"
"lk";"Domain1";271;"cntr1";"dptB";"Comprehensive Analysis Framework";"Defunct";0,338096778606996;2025-07-30;2025-10-03;"v2022"
"zk";"Domain3";272;"cntr6";"dptL";"Data-Driven Insights";"Orphan";0,252108980203047;2024-07-27;2024-08-21;"v2024"
"do";"Domain1";273;"cntr1";"dptA";"Comprehensive Analysis Framework";"Active";0,250823636073619;2022-08-10;2022-12-06;"v2021"
"xi";"Domain2";274;"cntr3";"dptE";"Innovative Project Solutions";"Expired";0,783267917577177;2021-09-24;2024-11-16;"v2022"
"zt";"Domain3";275;"cntr5";"dptJ";"Data-Driven Insights";"Defunct";0,17378633026965;2024-12-25;2025-07-24;"v2024"
"vs";"Domain3";276;"cntr5";"dptJ";"Enhancing Data Management Practices";"Expired";0,598303915699944;2022-10-03;2023-10-02;"v2022"
"jc";"Domain2";277;"cntr4";"dptH";"Innovative Project Solutions";"Test";0,691583044361323;2023-02-08;2024-09-05;"v2021"
"qw";"Domain2";278;"cntr4";"dptG";"Data-Driven Insights";"Completed";0,922935599228367;2021-02-14;2024-02-01;"v2022"
"ec";"Domain2";279;"cntr4";"dptG";"Enhancing Data Management Practices";"Active";0,689974983921275;2023-01-20;2023-07-29;"v2021"
"bg";"Domain3";280;"cntr5";"dptJ";"Enhancing Data Management Practices";"Active";0,273658976890147;2024-07-16;2024-08-29;"v2022"
"vt";"Domain3";281;"cntr5";"dptI";"Comprehensive Analysis Framework";"Defunct";0,0109451594762504;2022-07-21;2024-02-28;"v2021"
"np";"Domain3";282;"cntr6";"dptL";"Enhancing Data Management Practices";"Completed";0,0432195975445211;2024-05-25;2024-11-03;"v2022"
"yg";"Domain2";283;"cntr3";"dptF";"Enhancing Data Management Practices";"Orphan";0,167897800449282;2025-06-07;2025-09-16;"v2021"
"xs";"Domain1";284;"cntr1";"dptA";"Innovative Project Solutions";"Not Updated";0,852640826487914;2024-12-16;2025-07-23;"v2022"
"qu";"Domain3";285;"cntr5";"dptJ";"Comprehensive Analysis Framework";"Active";0,0459133461117744;2022-07-25;2024-01-17;"v2022"
"dp";"Domain3";286;"cntr5";"dptJ";"Comprehensive Analysis Framework";"Not Updated";0,271387636428699;2023-12-06;2024-12-22;"v2021"
"qi";"Domain3";287;"cntr6";"dptK";"Advanced Research Techniques";"Defunct";0,888942950638011;2023-09-18;2025-05-08;"v2024"
"bd";"Domain3";288;"cntr5";"dptJ";"Advanced Research Techniques";"Defunct";0,547893294598907;2024-03-17;2024-07-06;"v2024"
"sb";"Domain3";289;"cntr6";"dptK";"Data-Driven Insights";"Not Updated";0,804817588534206;2024-10-31;2025-08-17;"v2021"
"gs";"Domain3";290;"cntr6";"dptK";"Enhancing Data Management Practices";"Defunct";0,957196618663147;2023-01-09;2024-05-24;"v2022"
"xr";"Domain1";291;"cntr2";"dptD";"Comprehensive Analysis Framework";"Not Updated";0,689744080416858;2021-05-28;2023-09-29;"v2021"
"vb";"Domain1";292;"cntr2";"dptC";"Innovative Project Solutions";"Not Updated";0,401133574545383;2023-10-31;2024-05-23;"v2022"
"ek";"Domain1";293;"cntr2";"dptD";"Comprehensive Analysis Framework";"Test";0,971040844218805;2022-10-29;2024-01-09;"v2022"
"qt";"Domain1";294;"cntr1";"dptB";"Data-Driven Insights";"Active";0,939375858055428;2023-08-26;2025-07-14;"v2024"
"mz";"Domain1";295;"cntr2";"dptC";"Enhancing Data Management Practices";"Completed";0,518282245844603;2022-04-24;2024-09-12;"v2024"
"dr";"Domain2";296;"cntr3";"dptE";"Comprehensive Analysis Framework";"Defunct";0,136290176538751;2025-09-02;2025-10-02;"v2021"
"nt";"Domain1";297;"cntr1";"dptA";"Comprehensive Analysis Framework";"Orphan";0,626735995290801;2020-06-08;2022-08-14;"v2024"
"qr";"Domain2";298;"cntr4";"dptG";"Innovative Project Solutions";"Test";0,822649984387681;2020-10-31;2025-02-10;"v2024"
"uv";"Domain2";299;"cntr3";"dptF";"Comprehensive Analysis Framework";"Orphan";0,136265355395153;2022-11-10;2024-10-29;"v2021"
"tg";"Domain3";300;"cntr6";"dptL";"Advanced Research Techniques";"Missing Metadata";0,59746818896383;2023-07-12;2025-06-03;"v2022"
"iv";"Domain3";301;"cntr5";"dptI";"Advanced Research Techniques";"Expired";0,982964067952707;2022-06-21;2022-07-12;"v2024"
"sp";"Domain1";302;"cntr1";"dptA";"Comprehensive Analysis Framework";"Missing Metadata";0,230630648322403;2021-10-04;2023-04-23;"v2024"
"nl";"Domain2";303;"cntr3";"dptF";"Enhancing Data Management Practices";"Completed";0,417370387818664;2023-06-28;2024-12-19;"v2024"
"ht";"Domain2";304;"cntr3";"dptF";"Comprehensive Analysis Framework";"Active";0,100270999362692;2021-11-04;2025-03-07;"v2024"
"dc";"Domain1";305;"cntr2";"dptC";"Enhancing Data Management Practices";"Orphan";0,278511403594166;2020-10-31;2023-04-03;"v2021"
"or";"Domain3";306;"cntr6";"dptK";"Comprehensive Analysis Framework";"Completed";0,53054649149999;2024-01-10;2024-07-31;"v2024"
"ix";"Domain3";307;"cntr6";"dptL";"Comprehensive Analysis Framework";"Active";0,314119458198547;2024-01-07;2025-04-01;"v2024"
"wl";"Domain2";308;"cntr4";"dptH";"Innovative Project Solutions";"Active";0,600702072726563;2025-08-06;2025-08-19;"v2022"
"tl";"Domain1";309;"cntr2";"dptD";"Data-Driven Insights";"Test";0,987098018405959;2020-04-01;2023-09-22;"v2021"
"ak";"Domain3";310;"cntr6";"dptL";"Data-Driven Insights";"Missing Metadata";0,609281485900283;2022-04-11;2024-07-10;"v2021"
"wk";"Domain2";311;"cntr3";"dptE";"Advanced Research Techniques";"Expired";0,145737322745845;2025-03-08;2025-06-24;"v2022"
"nz";"Domain1";312;"cntr2";"dptD";"Enhancing Data Management Practices";"Expired";0,704316460294649;2023-07-06;2024-10-25;"v2024"
"ra";"Domain3";313;"cntr5";"dptJ";"Comprehensive Analysis Framework";"Active";0,679180304054171;2023-03-08;2024-08-14;"v2022"
"be";"Domain2";314;"cntr4";"dptH";"Innovative Project Solutions";"Active";0,322583865374327;2025-07-16;2025-08-02;"v2022"
"ot";"Domain2";315;"cntr4";"dptH";"Enhancing Data Management Practices";"Test";0,423315641004592;2024-07-01;2025-09-09;"v2024"
"ua";"Domain2";316;"cntr3";"dptF";"Data-Driven Insights";"Test";0,304464184911922;2025-06-15;2025-06-24;"v2022"
"zw";"Domain2";317;"cntr4";"dptG";"Enhancing Data Management Practices";"Active";0,83281878195703;2020-08-17;2022-10-23;"v2022"
"yz";"Domain2";318;"cntr3";"dptE";"Comprehensive Analysis Framework";"Completed";0,593647508416325;2024-04-11;2024-08-02;"v2024"
"ap";"Domain1";319;"cntr1";"dptA";"Innovative Project Solutions";"Defunct";0,807196641340852;2020-11-27;2024-08-26;"v2022"
"ho";"Domain1";320;"cntr2";"dptD";"Comprehensive Analysis Framework";"Missing Metadata";0,294050777796656;2024-08-11;2025-07-12;"v2021"
"ws";"Domain3";321;"cntr6";"dptK";"Enhancing Data Management Practices";"Not Updated";0,14108522166498;2025-01-02;2025-09-27;"v2021"
"rt";"Domain1";322;"cntr1";"dptA";"Comprehensive Analysis Framework";"Defunct";0,888621102552861;2025-04-16;2025-10-04;"v2022"
"al";"Domain1";323;"cntr1";"dptB";"Comprehensive Analysis Framework";"Expired";0,00828500417992473;2023-06-10;2025-04-05;"v2022"
"sk";"Domain3";324;"cntr6";"dptK";"Enhancing Data Management Practices";"Missing Metadata";0,569120652973652;2025-03-09;2025-07-03;"v2021"
"bx";"Domain1";325;"cntr1";"dptB";"Data-Driven Insights";"Not Updated";0,967550189932808;2020-11-10;2022-11-09;"v2022"
"hv";"Domain2";326;"cntr4";"dptG";"Data-Driven Insights";"Orphan";0,269188763340935;2020-12-12;2024-03-01;"v2024"
"ow";"Domain3";327;"cntr6";"dptL";"Innovative Project Solutions";"Orphan";0,983960070647299;2025-09-14;2025-09-22;"v2021"
"rv";"Domain3";328;"cntr5";"dptI";"Comprehensive Analysis Framework";"Missing Metadata";0,035389487631619;2020-08-10;2025-04-01;"v2024"
"er";"Domain2";329;"cntr4";"dptG";"Innovative Project Solutions";"Defunct";0,257976430468261;2023-09-25;2024-07-03;"v2021"
"mc";"Domain2";330;"cntr3";"dptF";"Data-Driven Insights";"Expired";0,259891121415421;2025-06-18;2025-06-27;"v2022"
"jy";"Domain1";331;"cntr1";"dptA";"Innovative Project Solutions";"Completed";0,948188487673178;2021-02-09;2022-05-28;"v2024"
"jn";"Domain3";332;"cntr6";"dptK";"Enhancing Data Management Practices";"Orphan";0,979622738668695;2021-12-27;2023-05-10;"v2024"
"ui";"Domain3";333;"cntr6";"dptL";"Enhancing Data Management Practices";"Not Updated";0,734384863637388;2020-05-13;2024-11-28;"v2024"
"sr";"Domain1";334;"cntr2";"dptD";"Advanced Research Techniques";"Completed";0,28747975663282;2020-04-27;2025-08-08;"v2021"
"ms";"Domain3";335;"cntr5";"dptI";"Innovative Project Solutions";"Expired";0,408959118416533;2023-09-04;2024-07-25;"v2024"
"dv";"Domain1";336;"cntr2";"dptD";"Data-Driven Insights";"Expired";0,201577648054808;2022-04-15;2024-12-27;"v2021"
"ed";"Domain1";337;"cntr1";"dptA";"Innovative Project Solutions";"Active";0,766586359124631;2022-06-27;2022-08-22;"v2024"
"lo";"Domain2";338;"cntr3";"dptF";"Enhancing Data Management Practices";"Expired";0,743104939814657;2023-09-17;2024-12-09;"v2022"
"aj";"Domain1";339;"cntr2";"dptC";"Comprehensive Analysis Framework";"Not Updated";0,49846138083376;2025-05-12;2025-08-30;"v2024"
"oo";"Domain1";340;"cntr1";"dptA";"Advanced Research Techniques";"Test";0,670499595580623;2023-10-11;2023-10-28;"v2024"
"wb";"Domain1";341;"cntr1";"dptA";"Advanced Research Techniques";"Orphan";0,752462793607265;2024-02-23;2025-01-18;"v2022"
"qb";"Domain1";342;"cntr2";"dptC";"Innovative Project Solutions";"Defunct";0,773862918838859;2021-12-29;2023-09-29;"v2021"
"tw";"Domain1";343;"cntr1";"dptB";"Comprehensive Analysis Framework";"Test";0,6051693004556;2022-06-05;2025-03-31;"v2022"
"vw";"Domain1";344;"cntr1";"dptA";"Comprehensive Analysis Framework";"Completed";0,390515743521973;2025-05-28;2025-06-10;"v2024"
"rk";"Domain3";345;"cntr6";"dptK";"Data-Driven Insights";"Expired";0,671057573053986;2021-04-15;2022-11-03;"v2022"
"nb";"Domain3";346;"cntr5";"dptJ";"Enhancing Data Management Practices";"Defunct";0,869207811541855;2020-06-16;2021-06-08;"v2024"
"ah";"Domain1";347;"cntr1";"dptA";"Advanced Research Techniques";"Orphan";0,436402873136103;2022-11-23;2024-09-26;"v2022"
"ej";"Domain1";348;"cntr2";"dptC";"Innovative Project Solutions";"Orphan";0,120476344367489;2024-01-28;2024-08-24;"v2022"
"ka";"Domain3";349;"cntr5";"dptJ";"Advanced Research Techniques";"Missing Metadata";0,61895335954614;2024-06-17;2025-04-30;"v2022"
"bc";"Domain2";350;"cntr3";"dptF";"Enhancing Data Management Practices";"Missing Metadata";0,480508751003072;2021-07-15;2023-12-17;"v2022"
"lt";"Domain2";351;"cntr4";"dptH";"Advanced Research Techniques";"Missing Metadata";0,923893089639023;2023-01-14;2025-03-15;"v2024"
"wt";"Domain3";352;"cntr6";"dptL";"Comprehensive Analysis Framework";"Active";0,240672685205936;2024-06-26;2025-09-25;"v2021"
"kv";"Domain3";353;"cntr6";"dptL";"Innovative Project Solutions";"Completed";0,776481575565413;2021-03-10;2023-05-27;"v2021"
"pv";"Domain2";354;"cntr4";"dptH";"Advanced Research Techniques";"Defunct";0,751987888244912;2025-03-17;2025-03-17;"v2021"
"kg";"Domain3";355;"cntr5";"dptJ";"Enhancing Data Management Practices";"Missing Metadata";0,676482424838468;2025-07-19;2025-09-20;"v2021"
"kb";"Domain3";356;"cntr6";"dptK";"Data-Driven Insights";"Completed";0,551719463896006;2023-02-21;2024-07-09;"v2024"
"yr";"Domain1";357;"cntr1";"dptB";"Advanced Research Techniques";"Orphan";0,59786053118296;2025-08-15;2025-09-17;"v2024"
"nm";"Domain2";358;"cntr3";"dptE";"Innovative Project Solutions";"Completed";0,866437581600621;2022-03-06;2024-03-28;"v2022"
"zd";"Domain2";359;"cntr4";"dptG";"Advanced Research Techniques";"Not Updated";0,495340712601319;2025-02-18;2025-08-25;"v2021"
"ik";"Domain2";360;"cntr3";"dptE";"Comprehensive Analysis Framework";"Test";0,980228964006528;2024-12-11;2025-03-13;"v2022"
"hb";"Domain2";361;"cntr3";"dptF";"Advanced Research Techniques";"Completed";0,0693746872711927;2023-09-05;2024-08-15;"v2021"
"wf";"Domain1";362;"cntr2";"dptD";"Comprehensive Analysis Framework";"Missing Metadata";0,555928963935003;2022-09-29;2023-03-13;"v2021"
"eo";"Domain1";363;"cntr2";"dptD";"Data-Driven Insights";"Missing Metadata";0,189373525325209;2022-06-12;2022-11-03;"v2022"
"wx";"Domain2";364;"cntr4";"dptH";"Advanced Research Techniques";"Not Updated";0,296457481570542;2022-05-23;2024-10-04;"v2021"
"zn";"Domain2";365;"cntr4";"dptG";"Data-Driven Insights";"Not Updated";0,841004121815786;2025-01-17;2025-10-01;"v2022"
"rg";"Domain1";366;"cntr1";"dptB";"Data-Driven Insights";"Expired";0,205107101239264;2025-04-06;2025-09-18;"v2021"
"we";"Domain3";367;"cntr5";"dptI";"Comprehensive Analysis Framework";"Completed";0,582719089696184;2022-05-05;2022-08-08;"v2021"
"sc";"Domain1";368;"cntr1";"dptB";"Comprehensive Analysis Framework";"Active";0,396262198220938;2024-07-01;2025-03-27;"v2022"
"jf";"Domain3";369;"cntr5";"dptJ";"Innovative Project Solutions";"Not Updated";0,305571276228875;2025-03-19;2025-07-25;"v2022"
"ep";"Domain3";370;"cntr6";"dptK";"Data-Driven Insights";"Test";0,472255289321765;2023-09-05;2024-05-11;"v2022"
"lr";"Domain2";371;"cntr3";"dptF";"Enhancing Data Management Practices";"Orphan";0,743249097838998;2022-10-13;2024-09-08;"v2024"
"og";"Domain3";372;"cntr5";"dptJ";"Innovative Project Solutions";"Not Updated";0,976803606608883;2024-11-30;2025-03-09;"v2021"
"yi";"Domain3";373;"cntr5";"dptI";"Innovative Project Solutions";"Expired";0,156263851327822;2021-03-28;2023-11-06;"v2021"
"nc";"Domain3";374;"cntr6";"dptK";"Advanced Research Techniques";"Test";0,129425811348483;2021-09-07;2023-11-03;"v2021"
"ea";"Domain1";375;"cntr2";"dptD";"Data-Driven Insights";"Completed";0,580559302819893;2024-08-10;2025-07-08;"v2022"
"ku";"Domain3";376;"cntr5";"dptJ";"Innovative Project Solutions";"Test";0,137149174930528;2024-09-23;2025-07-22;"v2021"
"gx";"Domain1";377;"cntr2";"dptD";"Advanced Research Techniques";"Active";0,20199644449167;2023-10-03;2025-08-15;"v2022"
"rs";"Domain3";378;"cntr5";"dptJ";"Innovative Project Solutions";"Missing Metadata";0,341649064561352;2022-02-21;2022-03-31;"v2022"
"jg";"Domain1";379;"cntr1";"dptB";"Comprehensive Analysis Framework";"Completed";0,265900946687907;2025-01-04;2025-08-11;"v2024"
"qz";"Domain1";380;"cntr2";"dptD";"Comprehensive Analysis Framework";"Orphan";0,721585981547832;2023-09-20;2024-07-30;"v2021"
"gk";"Domain2";381;"cntr4";"dptG";"Comprehensive Analysis Framework";"Test";0,695491484366357;2021-01-12;2025-01-16;"v2021"
"bu";"Domain2";382;"cntr3";"dptF";"Data-Driven Insights";"Missing Metadata";0,794208727078512;2025-02-06;2025-02-27;"v2024"
"qv";"Domain1";383;"cntr1";"dptB";"Innovative Project Solutions";"Expired";0,274469998665154;2025-09-05;2025-10-09;"v2024"
"bk";"Domain1";384;"cntr1";"dptA";"Advanced Research Techniques";"Orphan";0,181956361979246;2022-12-16;2023-03-06;"v2024"
"gr";"Domain1";385;"cntr2";"dptC";"Data-Driven Insights";"Expired";0,462603667052463;2024-03-12;2025-01-31;"v2022"
"ud";"Domain3";386;"cntr6";"dptL";"Innovative Project Solutions";"Orphan";0,550545076839626;2023-03-02;2025-01-03;"v2022"
"hy";"Domain1";387;"cntr1";"dptB";"Innovative Project Solutions";"Completed";0,622717714169994;2024-10-18;2024-12-17;"v2022"
"as";"Domain1";388;"cntr2";"dptD";"Comprehensive Analysis Framework";"Defunct";0,482893423875794;2023-10-07;2024-06-17;"v2021"
"ur";"Domain2";389;"cntr4";"dptH";"Data-Driven Insights";"Missing Metadata";0,129830974154174;2022-01-03;2025-04-06;"v2021"
"yw";"Domain1";390;"cntr2";"dptC";"Comprehensive Analysis Framework";"Active";0,883996807038784;2025-07-08;2025-08-23;"v2022"
"lg";"Domain1";391;"cntr2";"dptC";"Innovative Project Solutions";"Not Updated";0,991317927837372;2020-07-18;2023-07-24;"v2021"
"dy";"Domain3";392;"cntr5";"dptI";"Advanced Research Techniques";"Orphan";0,861965436022729;2022-07-24;2022-12-06;"v2021"
"zr";"Domain2";393;"cntr4";"dptG";"Enhancing Data Management Practices";"Orphan";0,852250717813149;2022-03-20;2025-02-10;"v2021"
"qg";"Domain3";394;"cntr5";"dptI";"Advanced Research Techniques";"Defunct";0,37741360720247;2023-10-08;2024-12-19;"v2022"
"hf";"Domain2";395;"cntr4";"dptH";"Advanced Research Techniques";"Expired";0,617076499853283;2020-10-10;2022-08-20;"v2024"
"fi";"Domain3";396;"cntr5";"dptJ";"Comprehensive Analysis Framework";"Completed";0,518342392519116;2020-06-13;2022-01-17;"v2024"
"xc";"Domain1";397;"cntr2";"dptD";"Enhancing Data Management Practices";"Expired";0,0369292099494487;2023-07-21;2023-12-01;"v2024"
"hg";"Domain2";398;"cntr3";"dptF";"Advanced Research Techniques";"Missing Metadata";0,743032434489578;2022-08-30;2023-01-30;"v2021"
"qc";"Domain2";399;"cntr3";"dptF";"Enhancing Data Management Practices";"Completed";0,842428504256532;2024-11-14;2025-05-12;"v2021"
"sq";"Domain2";400;"cntr4";"dptH";"Comprehensive Analysis Framework";"Completed";0,0491153171751648;2020-05-13;2025-09-26;"v2021"
"bl";"Domain2";401;"cntr3";"dptF";"Data-Driven Insights";"Active";0,893289207713678;2024-07-04;2024-07-07;"v2022"
"vf";"Domain2";402;"cntr4";"dptH";"Data-Driven Insights";"Defunct";0,37817745283246;2024-04-29;2024-05-09;"v2024"
"pu";"Domain1";403;"cntr1";"dptB";"Enhancing Data Management Practices";"Active";0,695564301451668;2023-06-11;2024-06-21;"v2024"
"qx";"Domain3";404;"cntr6";"dptL";"Comprehensive Analysis Framework";"Test";0,717311362503096;2021-07-18;2021-12-12;"v2022"
"lu";"Domain2";405;"cntr3";"dptE";"Enhancing Data Management Practices";"Missing Metadata";0,682524946751073;2021-10-03;2023-07-28;"v2024"
"lb";"Domain3";406;"cntr6";"dptL";"Advanced Research Techniques";"Test";0,300406356109306;2021-04-22;2022-03-30;"v2024"
"au";"Domain2";407;"cntr4";"dptG";"Advanced Research Techniques";"Completed";0,302623182768002;2025-05-24;2025-09-22;"v2022"
"ri";"Domain1";408;"cntr1";"dptA";"Data-Driven Insights";"Expired";0,476110398303717;2025-04-27;2025-04-30;"v2021"
"di";"Domain3";409;"cntr6";"dptK";"Data-Driven Insights";"Missing Metadata";0,0484824839513749;2023-10-21;2025-07-25;"v2024"
"ym";"Domain2";410;"cntr4";"dptH";"Advanced Research Techniques";"Test";0,491619820008054;2024-03-15;2025-06-25;"v2022"
"nu";"Domain3";411;"cntr5";"dptI";"Advanced Research Techniques";"Active";0,588624723721296;2023-11-18;2025-04-27;"v2022"
"pi";"Domain2";412;"cntr3";"dptF";"Innovative Project Solutions";"Test";0,234639328438789;2023-08-18;2024-07-18;"v2021"
"oh";"Domain3";413;"cntr5";"dptI";"Advanced Research Techniques";"Expired";0,96463824948296;2022-07-01;2023-06-03;"v2024"
"mt";"Domain3";414;"cntr5";"dptI";"Comprehensive Analysis Framework";"Defunct";0,15999466041103;2020-12-19;2022-05-25;"v2024"
"ly";"Domain2";415;"cntr3";"dptE";"Enhancing Data Management Practices";"Missing Metadata";0,575237983837724;2020-11-06;2022-05-28;"v2024"
"kx";"Domain2";416;"cntr4";"dptH";"Comprehensive Analysis Framework";"Active";0,420792212244123;2023-02-04;2024-12-07;"v2022"
"af";"Domain2";417;"cntr4";"dptH";"Advanced Research Techniques";"Test";0,12242970848456;2020-04-05;2023-06-13;"v2024"
"ex";"Domain3";418;"cntr5";"dptI";"Innovative Project Solutions";"Completed";0,364285207353532;2020-08-30;2022-01-24;"v2021"
"fz";"Domain1";419;"cntr1";"dptA";"Comprehensive Analysis Framework";"Completed";0,998726159567013;2025-06-17;2025-08-18;"v2021"
"bw";"Domain1";420;"cntr1";"dptA";"Advanced Research Techniques";"Orphan";0,797886293148622;2022-02-25;2025-04-09;"v2024"
"is";"Domain1";421;"cntr2";"dptC";"Comprehensive Analysis Framework";"Missing Metadata";0,34985151165165;2023-05-14;2024-12-09;"v2024"
"il";"Domain3";422;"cntr5";"dptJ";"Enhancing Data Management Practices";"Not Updated";0,936977054690942;2022-02-11;2025-08-07;"v2024"
"je";"Domain1";423;"cntr1";"dptA";"Data-Driven Insights";"Orphan";0,713197379140183;2024-07-17;2025-05-03;"v2022"
"ko";"Domain2";424;"cntr4";"dptH";"Data-Driven Insights";"Not Updated";0,49524376844056;2020-07-25;2023-06-03;"v2022"
"hk";"Domain3";425;"cntr6";"dptL";"Advanced Research Techniques";"Expired";0,81224536173977;2022-06-13;2024-10-03;"v2022"
"tt";"Domain1";426;"cntr2";"dptC";"Innovative Project Solutions";"Not Updated";0,654932544799522;2020-04-27;2024-01-16;"v2024"
"hu";"Domain2";427;"cntr3";"dptE";"Data-Driven Insights";"Not Updated";0,360745880985633;2020-10-08;2023-06-27;"v2021"
"pz";"Domain2";428;"cntr3";"dptE";"Enhancing Data Management Practices";"Missing Metadata";0,471931552048773;2023-10-22;2024-09-28;"v2022"
"ok";"Domain3";429;"cntr5";"dptI";"Data-Driven Insights";"Missing Metadata";0,598357705632225;2024-02-16;2025-09-17;"v2021"
"km";"Domain2";430;"cntr4";"dptG";"Advanced Research Techniques";"Not Updated";0,726199831115082;2020-06-08;2024-06-08;"v2021"
"hh";"Domain2";431;"cntr3";"dptF";"Innovative Project Solutions";"Missing Metadata";0,355999730993062;2025-07-10;2025-09-16;"v2022"
"eh";"Domain3";432;"cntr6";"dptK";"Data-Driven Insights";"Defunct";0,586478449869901;2022-02-22;2022-05-15;"v2024"
"yh";"Domain2";433;"cntr3";"dptF";"Comprehensive Analysis Framework";"Active";0,516603587893769;2020-05-03;2021-07-24;"v2024"
"jl";"Domain1";434;"cntr1";"dptA";"Innovative Project Solutions";"Active";0,593514689477161;2020-05-22;2021-04-05;"v2024"
"mb";"Domain3";435;"cntr6";"dptK";"Advanced Research Techniques";"Completed";0,888269584625959;2023-01-21;2023-11-07;"v2022"
"qp";"Domain1";436;"cntr2";"dptD";"Advanced Research Techniques";"Missing Metadata";0,867127555888146;2022-08-23;2025-07-15;"v2024"
"ls";"Domain3";437;"cntr6";"dptL";"Comprehensive Analysis Framework";"Defunct";0,831201369641349;2021-08-26;2024-05-21;"v2022"
"ll";"Domain3";438;"cntr5";"dptI";"Comprehensive Analysis Framework";"Defunct";0,161718111252412;2023-05-08;2024-04-11;"v2024"
"cg";"Domain2";439;"cntr4";"dptG";"Data-Driven Insights";"Orphan";0,331397745292634;2024-03-09;2025-01-15;"v2024"
"jw";"Domain3";440;"cntr6";"dptL";"Innovative Project Solutions";"Expired";0,926172455074266;2024-12-01;2024-12-05;"v2024"
"ys";"Domain3";441;"cntr6";"dptK";"Enhancing Data Management Practices";"Completed";0,925039121182635;2023-01-19;2025-08-22;"v2021"
"ci";"Domain2";442;"cntr4";"dptH";"Enhancing Data Management Practices";"Missing Metadata";0,636497538071126;2022-08-30;2024-02-14;"v2024"
"yq";"Domain3";443;"cntr5";"dptI";"Comprehensive Analysis Framework";"Defunct";0,792909839423373;2025-03-01;2025-03-04;"v2024"
"nd";"Domain1";444;"cntr2";"dptC";"Data-Driven Insights";"Expired";0,571746357949451;2021-09-30;2024-02-10;"v2021"
"wa";"Domain2";445;"cntr4";"dptH";"Data-Driven Insights";"Not Updated";0,0393756863195449;2022-05-02;2024-02-03;"v2024"
"sf";"Domain2";446;"cntr3";"dptE";"Data-Driven Insights";"Not Updated";0,287657243898138;2022-03-05;2022-10-07;"v2024"
"yu";"Domain1";447;"cntr2";"dptC";"Enhancing Data Management Practices";"Defunct";0,480841588461772;2022-02-03;2022-10-06;"v2024"
"jt";"Domain1";448;"cntr2";"dptD";"Enhancing Data Management Practices";"Test";0,43491375236772;2021-05-05;2021-10-22;"v2021"
"gf";"Domain3";449;"cntr6";"dptK";"Innovative Project Solutions";"Completed";0,932469887193292;2020-05-30;2023-04-28;"v2024"
"dj";"Domain3";450;"cntr6";"dptL";"Advanced Research Techniques";"Defunct";0,645680585643277;2024-11-05;2025-07-06;"v2024"
"fb";"Domain3";451;"cntr5";"dptI";"Enhancing Data Management Practices";"Orphan";0,000828963704407215;2024-03-18;2025-09-14;"v2024"
"gz";"Domain2";452;"cntr3";"dptF";"Data-Driven Insights";"Orphan";0,0195224108174443;2025-02-22;2025-04-12;"v2022"
"ga";"Domain3";453;"cntr5";"dptJ";"Data-Driven Insights";"Completed";0,296974569326267;2021-04-09;2025-05-11;"v2021"
"tj";"Domain3";454;"cntr6";"dptL";"Innovative Project Solutions";"Not Updated";0,273746197810397;2025-06-04;2025-06-22;"v2022"
"ig";"Domain2";455;"cntr3";"dptE";"Advanced Research Techniques";"Active";0,829471339238808;2022-12-06;2025-09-27;"v2021"
"uz";"Domain3";456;"cntr5";"dptJ";"Enhancing Data Management Practices";"Completed";0,721059422940016;2021-12-17;2023-09-19;"v2022"
"yb";"Domain1";457;"cntr2";"dptD";"Advanced Research Techniques";"Completed";0,680555888451636;2021-06-01;2025-09-21;"v2022"
"zx";"Domain3";458;"cntr6";"dptL";"Advanced Research Techniques";"Test";0,384194892598316;2023-06-13;2025-05-05;"v2022"
"nr";"Domain3";459;"cntr5";"dptI";"Enhancing Data Management Practices";"Active";0,185273467097431;2023-10-18;2024-09-12;"v2024"
"kw";"Domain3";460;"cntr5";"dptJ";"Data-Driven Insights";"Expired";0,211702605476603;2025-08-06;2025-08-23;"v2024"
"fa";"Domain2";461;"cntr3";"dptE";"Advanced Research Techniques";"Not Updated";0,703692154726014;2020-12-20;2022-06-14;"v2021"
"pg";"Domain2";462;"cntr4";"dptH";"Enhancing Data Management Practices";"Defunct";0,262487774714828;2020-10-14;2025-09-22;"v2024"
"it";"Domain1";463;"cntr2";"dptC";"Data-Driven Insights";"Defunct";0,226348639465868;2022-05-20;2025-02-28;"v2021"
"no";"Domain1";464;"cntr2";"dptC";"Data-Driven Insights";"Completed";0,593186295358464;2024-12-18;2025-07-18;"v2024"
"va";"Domain3";465;"cntr5";"dptI";"Enhancing Data Management Practices";"Orphan";0,147370707243681;2024-09-17;2025-06-09;"v2024"
"gl";"Domain2";466;"cntr4";"dptH";"Comprehensive Analysis Framework";"Defunct";0,0510420987848192;2020-11-25;2024-02-05;"v2021"
"ya";"Domain3";467;"cntr6";"dptL";"Advanced Research Techniques";"Not Updated";0,0138850293587893;2024-03-01;2024-10-23;"v2021"
"vl";"Domain3";468;"cntr6";"dptL";"Enhancing Data Management Practices";"Orphan";0,808185500325635;2024-04-13;2025-05-02;"v2021"
"cz";"Domain1";469;"cntr2";"dptC";"Comprehensive Analysis Framework";"Defunct";0,802564529934898;2021-09-09;2021-11-04;"v2022"
"yk";"Domain2";470;"cntr4";"dptH";"Enhancing Data Management Practices";"Completed";0,0150438237469643;2022-10-20;2025-08-15;"v2021"
"qs";"Domain3";471;"cntr6";"dptL";"Enhancing Data Management Practices";"Defunct";0,595294718630612;2021-01-22;2021-07-03;"v2021"
"mf";"Domain1";472;"cntr2";"dptC";"Data-Driven Insights";"Expired";0,307362789753824;2025-09-20;2025-10-05;"v2024"
"pl";"Domain3";473;"cntr5";"dptJ";"Advanced Research Techniques";"Defunct";0,606110869906843;2021-03-25;2024-03-26;"v2024"
"dq";"Domain2";474;"cntr3";"dptF";"Data-Driven Insights";"Defunct";0,215587522368878;2025-06-10;2025-08-29;"v2024"
"ft";"Domain2";475;"cntr3";"dptF";"Data-Driven Insights";"Missing Metadata";0,947869340656325;2025-09-29;2025-09-29;"v2024"
"es";"Domain3";476;"cntr5";"dptJ";"Comprehensive Analysis Framework";"Defunct";0,105905666947365;2023-12-14;2024-02-11;"v2022"
"dh";"Domain1";477;"cntr1";"dptB";"Advanced Research Techniques";"Defunct";0,119490867713466;2021-07-03;2023-01-25;"v2021"
"ju";"Domain1";478;"cntr2";"dptC";"Innovative Project Solutions";"Test";0,140537559753284;2022-03-15;2024-01-08;"v2022"
"wy";"Domain3";479;"cntr5";"dptI";"Advanced Research Techniques";"Not Updated";0,292855366365984;2022-06-26;2025-02-03;"v2021"
"iy";"Domain3";480;"cntr5";"dptI";"Comprehensive Analysis Framework";"Missing Metadata";0,598736236337572;2020-11-20;2022-01-31;"v2021"
"hj";"Domain2";481;"cntr3";"dptF";"Data-Driven Insights";"Completed";0,209034521598369;2023-05-10;2023-09-16;"v2022"
"gy";"Domain3";482;"cntr5";"dptI";"Data-Driven Insights";"Active";0,452331074979156;2022-06-16;2024-12-31;"v2024"
"px";"Domain3";483;"cntr5";"dptI";"Advanced Research Techniques";"Expired";0,452829439658672;2023-06-24;2025-09-05;"v2024"
"bt";"Domain3";484;"cntr5";"dptJ";"Comprehensive Analysis Framework";"Defunct";0,381763428449631;2021-05-06;2025-01-13;"v2024"
"pp";"Domain1";485;"cntr1";"dptB";"Data-Driven Insights";"Expired";0,987573211546987;2024-05-25;2024-09-16;"v2021"
"ch";"Domain1";486;"cntr1";"dptB";"Innovative Project Solutions";"Orphan";0,0101497930008918;2022-10-20;2024-11-15;"v2021"
"mx";"Domain3";487;"cntr6";"dptK";"Data-Driven Insights";"Expired";0,865486940834671;2022-02-04;2024-02-23;"v2024"
"yn";"Domain1";488;"cntr1";"dptB";"Enhancing Data Management Practices";"Test";0,0926982760429382;2023-04-11;2023-06-20;"v2021"
"aq";"Domain1";489;"cntr1";"dptB";"Innovative Project Solutions";"Defunct";0,182092470349744;2023-08-13;2023-09-15;"v2024"
"he";"Domain3";490;"cntr5";"dptI";"Enhancing Data Management Practices";"Orphan";0,447766182711348;2022-03-02;2024-02-01;"v2021"
"uw";"Domain2";491;"cntr3";"dptE";"Enhancing Data Management Practices";"Missing Metadata";0,729090062668547;2022-11-23;2024-12-11;"v2024"
"go";"Domain2";492;"cntr3";"dptE";"Comprehensive Analysis Framework";"Completed";0,189962323755026;2023-03-05;2023-12-21;"v2024"
"ol";"Domain1";493;"cntr1";"dptB";"Comprehensive Analysis Framework";"Test";0,139311429811642;2022-01-31;2023-01-29;"v2024"
"tx";"Domain2";494;"cntr3";"dptE";"Advanced Research Techniques";"Defunct";0,21279262425378;2021-04-22;2025-08-22;"v2022"
"sd";"Domain3";495;"cntr6";"dptL";"Comprehensive Analysis Framework";"Not Updated";0,168728225631639;2023-11-05;2024-05-10;"v2024"
"da";"Domain1";496;"cntr2";"dptC";"Comprehensive Analysis Framework";"Active";0,853035336825997;2023-02-13;2025-08-15;"v2021"
"vj";"Domain1";497;"cntr1";"dptA";"Advanced Research Techniques";"Missing Metadata";0,740015596849844;2023-08-10;2025-04-09;"v2022"
"ma";"Domain1";498;"cntr1";"dptA";"Comprehensive Analysis Framework";"Completed";0,569691319949925;2025-06-26;2025-09-26;"v2024"
"ss";"Domain1";499;"cntr2";"dptD";"Enhancing Data Management Practices";"Expired";0,855336192529649;2022-12-02;2023-11-08;"v2021"
"qy";"Domain1";500;"cntr1";"dptA";"Innovative Project Solutions";"Defunct";0,148278642212972;2022-02-26;2024-12-30;"v2022"
